{"sections":{"4e27e65f-613a-4940-b4d8-3b7e85ccd9d2":{"type":"zadatak4","blocks":{"a9c1e7cc-1a47-4f48-8fcd-d61b917e36f1":{"type":"zadatak4","settings":{"icon":"shopify:\/\/shop_images\/t4-1.png","title":"Premium wine jigsaw puzzles<","description":"Our passion became our business: the world of wine and the search\n            for serenity."}},"233b6a26-9338-4245-a90d-f3e152c9451d":{"type":"zadatak4","settings":{"icon":"shopify:\/\/shop_images\/t4-2.png","title":"Crafted with passion & attention to details","description":"Each of our jigsaw puzzles is first drawn by hand and every piece is\n            then carefully reviewed one by one."}},"014526ca-e3fe-43a5-87b2-944d9c226bb1":{"type":"zadatak4","settings":{"icon":"shopify:\/\/shop_images\/t4-3.png","title":"Play your way into the world of wine","description":"Put your phone down for a while, relax and make a puzzle. Learn\n            about regions, grapes, aromas, food pairing and so much more."}},"08637c60-ff14-43d4-b122-3942eff4dca1":{"type":"zadatak4","settings":{"icon":"shopify:\/\/shop_images\/t4-4.png","title":"Sustainability is in our DNA","description":"For every item sold we will plant one tree and make a donation to\n            improve global access to safe drinking water."}}},"block_order":["a9c1e7cc-1a47-4f48-8fcd-d61b917e36f1","233b6a26-9338-4245-a90d-f3e152c9451d","014526ca-e3fe-43a5-87b2-944d9c226bb1","08637c60-ff14-43d4-b122-3942eff4dca1"],"settings":{}}},"order":["4e27e65f-613a-4940-b4d8-3b7e85ccd9d2"]}